user_id,joke_5,joke_7,joke_8,joke_13,joke_15,joke_16,joke_17,joke_18,joke_19,joke_20,num_positives
5013,0,1,0,0,1,0,0,1,1,1,5
10016,0,0,0,1,0,1,1,1,0,1,5
21844,1,1,1,1,1,1,1,1,1,1,10
3403,1,0,0,1,0,1,1,0,1,1,6
23240,0,1,0,1,1,1,1,1,0,1,7
835,1,1,1,1,1,1,1,1,1,1,10
1538,1,1,1,1,0,1,1,0,1,1,8
7229,0,1,0,1,0,0,0,1,1,1,5
10809,0,1,0,1,1,1,1,0,0,1,6
14356,1,1,0,1,0,1,0,1,1,1,7
19776,1,0,0,1,0,0,1,1,0,0,4
11872,1,0,0,1,0,0,0,1,0,1,4
16723,1,0,0,1,1,0,1,1,0,1,6
7966,1,1,0,1,0,0,1,1,1,1,7
477,0,0,0,1,0,0,1,1,0,1,4
10589,1,1,1,1,0,1,0,1,1,1,8
11468,1,1,1,1,0,1,0,1,0,1,7
14307,1,1,1,1,1,1,1,1,1,1,10
18943,0,0,0,1,1,1,0,1,1,1,6
6604,0,1,1,0,1,0,1,1,0,1,6
10675,1,1,0,1,1,1,1,1,1,0,8
10734,1,1,0,1,1,0,0,1,0,1,6
19332,0,0,0,0,1,0,1,1,1,0,4
15270,1,0,0,1,0,1,1,1,1,1,7
13315,1,1,1,1,1,1,0,0,0,0,6
21704,0,0,0,1,0,1,1,1,1,1,6
7384,1,1,1,1,0,1,0,0,1,1,7
2957,0,0,1,1,1,0,1,0,0,0,4
14225,0,0,0,1,0,1,1,1,0,1,5
22990,0,1,1,1,0,0,1,1,0,1,6
12851,0,1,0,1,0,1,0,1,0,1,5
2966,1,0,1,1,0,0,1,1,0,1,6
21823,0,1,0,1,1,1,1,1,1,1,8
19477,1,1,0,1,0,1,0,0,0,1,5
1685,0,1,0,1,0,1,1,0,1,1,6
12961,1,0,1,1,1,0,0,1,1,1,7
21276,1,0,0,1,0,0,0,0,1,1,4
448,0,1,0,1,0,0,0,1,1,1,5
10781,1,1,1,1,0,0,0,1,1,1,7
4626,0,1,0,1,0,1,1,1,0,1,6
9255,1,1,0,1,1,1,0,1,1,1,8
3780,0,1,0,1,1,0,1,1,0,1,6
9692,0,0,0,1,1,1,0,1,1,1,6
2821,1,1,1,1,0,1,1,1,0,1,8
7052,1,1,1,1,1,0,1,1,1,1,9
770,1,1,0,1,0,0,1,0,1,1,6
15952,1,1,1,0,0,1,1,1,1,0,7
21347,0,1,0,0,1,0,1,1,0,1,5
499,1,0,0,1,1,1,1,1,1,0,7
17003,0,1,0,1,0,1,1,1,1,1,7
19235,1,1,0,1,0,0,1,0,1,0,5
9152,0,0,0,0,0,1,1,1,1,1,5
18234,1,0,1,1,0,1,0,0,0,0,4
7439,1,1,0,1,0,1,0,1,1,0,6
6541,1,1,1,1,0,0,0,1,0,1,6
19595,0,1,0,0,1,1,0,1,0,0,4
5446,1,0,1,1,0,0,0,0,0,1,4
23195,0,0,0,1,1,1,0,1,1,0,5
7825,1,1,1,1,1,0,1,0,0,0,6
9725,1,0,0,0,1,1,0,0,1,1,5
15052,1,0,0,1,0,1,1,1,0,1,6
15068,0,0,1,0,1,1,1,1,1,1,7
20929,0,1,0,1,0,0,0,1,0,1,4
17839,1,0,0,1,0,1,0,0,0,1,4
12793,0,0,0,0,1,1,1,1,1,1,6
15686,1,1,1,1,0,0,1,0,1,1,7
4142,0,1,0,1,0,1,0,1,1,1,6
13161,1,1,1,1,1,1,1,1,1,1,10
5972,1,1,1,1,0,1,1,1,0,1,8
15125,1,0,0,1,0,1,1,1,0,1,6
3899,0,1,0,1,1,0,0,1,1,1,6
16835,1,1,0,1,0,1,0,0,0,0,4
18855,1,1,1,1,0,1,1,1,1,1,9
7243,1,0,0,0,0,0,1,1,1,1,5
21555,1,0,1,0,1,1,1,1,0,1,7
9417,1,0,1,1,0,1,1,1,0,1,7
21731,1,0,1,1,0,1,0,0,1,1,6
22865,1,1,1,1,0,1,0,1,0,1,7
2961,1,1,0,1,1,0,0,1,1,1,7
22194,0,1,0,0,1,0,1,1,0,1,5
14422,0,1,0,0,0,0,1,1,0,1,4
1424,1,1,1,1,1,1,1,0,1,0,8
13742,1,0,0,1,0,0,0,1,0,1,4
21395,1,1,1,1,0,0,1,1,1,1,8
3977,1,0,0,1,0,1,0,1,0,1,5
17194,0,0,0,0,0,1,1,1,1,1,5
10865,1,1,0,1,0,1,0,1,0,1,6
2411,1,0,1,0,1,1,0,0,0,1,5
13857,1,1,1,1,0,1,0,1,0,1,7
9171,0,1,0,1,0,1,1,1,1,1,7
7083,0,1,1,1,0,1,1,0,1,1,7
10767,1,0,1,0,0,1,1,1,0,1,6
4104,0,1,0,1,0,1,1,1,0,1,6
2964,0,1,1,0,1,1,0,1,0,0,5
13116,1,0,1,1,0,0,0,1,1,1,6
20946,1,0,1,1,0,1,0,0,0,1,5
7136,1,0,1,0,0,0,1,1,1,0,5
18044,0,0,0,1,0,1,0,1,0,1,4
19975,0,1,1,0,1,1,1,0,0,0,5
15397,1,1,0,1,1,1,0,1,1,1,8
2140,1,1,1,0,0,0,0,1,0,0,4
9880,0,0,0,0,1,1,1,1,1,1,6
2114,1,0,0,1,0,0,0,1,1,0,4
5571,1,1,1,1,0,0,1,0,0,1,6
14991,0,1,0,0,1,0,1,1,0,1,5
16582,1,1,0,1,0,1,0,1,0,1,6
6037,1,0,1,0,0,0,1,0,0,1,4
2607,1,1,1,1,0,0,0,1,0,0,5
15314,1,0,1,1,0,1,1,1,0,1,7
1673,0,0,0,0,1,1,0,1,0,1,4
21153,0,0,0,1,0,0,1,1,0,1,4
6585,0,0,0,1,0,1,1,1,0,1,5
4296,0,0,0,1,0,0,1,1,0,1,4
11971,1,1,1,1,0,0,0,1,1,1,7
14667,1,1,1,1,1,1,0,1,0,1,8
15311,1,0,0,1,0,0,1,0,0,1,4
19860,1,1,0,1,1,1,1,1,1,1,9
19229,1,0,0,1,0,1,0,1,1,1,6
11358,1,0,1,1,0,0,0,1,0,1,5
2639,1,0,0,0,0,1,0,0,1,1,4
8397,1,0,1,1,1,0,1,1,1,1,8
10722,0,1,1,1,0,0,1,0,1,1,6
502,1,0,0,0,1,0,1,0,0,1,4
14087,0,1,0,1,0,0,0,1,0,1,4
16230,1,0,1,1,1,1,0,1,0,1,7
2841,1,1,0,0,0,0,0,1,1,0,4
2739,1,1,0,1,0,1,1,1,1,1,8
15151,1,1,0,1,0,1,1,1,0,1,7
14645,1,1,1,1,1,1,1,1,1,1,10
8135,1,0,0,1,0,1,0,1,0,0,4
22185,1,1,1,1,0,0,1,1,1,1,8
9764,0,1,0,1,0,0,1,1,0,1,5
20196,0,1,1,1,0,1,1,1,1,1,8
15521,1,0,1,1,1,0,0,1,0,0,5
12594,1,0,0,1,0,1,0,0,0,1,4
9755,1,0,1,1,1,1,0,0,0,0,5
4981,0,0,1,1,1,0,1,1,0,1,6
19971,0,1,0,1,1,0,0,1,0,0,4
10214,1,0,0,1,1,1,1,1,0,0,6
6906,1,1,0,1,0,0,0,1,1,0,5
4752,1,1,1,1,1,1,1,0,0,1,8
8889,0,1,0,0,0,0,1,1,1,1,5
19221,1,1,1,1,0,1,1,0,1,1,8
1034,1,0,0,1,0,1,0,0,0,1,4
6970,1,0,0,1,0,0,0,1,0,1,4
5832,1,0,0,1,1,0,1,1,1,1,7
8430,1,1,0,1,0,1,0,0,0,0,4
15949,1,1,0,0,0,1,0,1,0,1,5
8006,0,1,0,1,1,1,1,1,1,1,8
13822,1,0,0,1,0,0,0,1,1,1,5
22992,1,1,1,1,1,1,0,1,1,1,9
9431,1,0,1,1,1,1,0,1,1,1,8
12085,1,1,0,1,1,1,1,0,0,1,7
3375,0,1,0,1,0,0,1,1,1,1,6
2145,1,1,1,1,0,1,1,0,1,1,8
22572,1,0,0,1,0,1,0,0,0,1,4
22825,1,0,0,0,0,1,0,1,1,1,5
14258,1,0,0,0,0,1,0,1,1,1,5
4505,1,1,0,0,1,0,1,1,0,1,6
13318,1,1,0,0,0,0,0,1,1,1,5
18609,1,1,1,1,0,1,0,1,1,1,8
7849,0,1,0,1,0,0,0,1,1,1,5
4159,0,1,0,0,0,1,1,0,1,0,4
13614,1,1,0,1,0,1,0,1,0,1,6
8296,1,0,1,0,0,0,1,1,1,1,6
21262,1,1,0,1,1,1,0,1,1,1,8
9566,0,1,0,0,0,1,1,1,1,1,6
6302,1,0,0,0,0,1,0,1,1,1,5
476,0,1,0,1,1,0,0,0,0,1,4
2969,1,1,0,1,0,1,0,1,1,0,6
12699,1,0,1,1,0,1,0,1,0,1,6
10525,1,0,1,0,1,0,1,1,1,0,6
22900,1,1,0,0,1,1,1,0,1,0,6
18923,0,1,0,0,0,1,1,1,0,1,5
18200,1,0,1,1,1,1,1,1,1,0,8
15708,1,1,0,1,0,1,0,0,0,1,5
171,1,0,1,1,1,1,0,1,1,1,8
22588,1,0,0,1,0,1,0,1,0,1,5
12178,0,0,0,1,0,1,0,1,1,0,4
983,1,1,0,0,0,1,0,1,0,0,4
17326,1,1,1,1,0,1,0,1,0,1,7
11937,0,0,1,1,0,1,0,0,0,1,4
9213,0,1,0,1,0,0,1,0,0,1,4
4126,1,1,0,1,0,0,1,1,1,1,7
7746,1,0,1,1,0,0,1,0,0,1,5
21131,1,1,1,1,1,0,1,1,1,1,9
21522,1,1,1,1,0,0,0,1,0,1,6
6080,0,0,0,0,0,0,1,1,1,1,4
6275,0,0,0,0,1,0,1,1,1,1,5
1361,0,1,0,1,0,0,0,1,1,1,5
8,1,1,0,1,1,1,0,1,1,1,8
2893,1,1,1,1,1,0,1,1,1,1,9
20457,1,1,1,1,0,0,0,0,0,1,5
2782,0,0,0,0,0,0,1,1,1,1,4
2523,0,1,0,1,1,1,1,0,0,0,5
17564,1,0,0,1,0,0,0,0,1,1,4
18648,1,0,0,1,1,1,1,1,1,1,8
16523,1,1,0,1,0,1,0,0,1,1,6
19806,0,1,0,0,1,0,1,1,1,0,5
2141,0,1,0,0,1,1,1,0,0,1,5
7315,1,1,1,1,1,0,1,1,1,1,9
12729,0,1,1,0,0,0,0,1,0,1,4
21356,0,0,0,1,1,1,1,0,0,1,5
7469,1,0,0,1,0,1,0,0,0,1,4
10480,1,1,0,1,0,0,0,1,0,1,5
21651,1,1,0,1,0,0,0,1,0,1,5
5741,1,1,1,1,0,0,1,1,1,1,8
18002,1,1,0,0,0,0,1,1,0,1,5
21423,1,1,1,1,0,0,0,0,1,1,6
20840,1,0,0,1,0,1,0,1,1,1,6
11001,1,0,0,0,0,1,0,1,1,0,4
19697,0,0,0,1,0,0,1,1,1,1,5
9197,1,1,0,1,0,1,1,0,1,1,7
8351,1,1,0,1,0,1,0,1,1,1,7
9460,0,1,1,1,0,1,1,0,0,1,6
17821,1,1,0,1,0,1,0,0,0,0,4
7477,0,1,0,1,1,0,1,1,1,1,7
15872,0,1,0,1,0,0,1,1,0,1,5
4637,1,1,1,0,0,0,1,1,1,0,6
6528,1,0,1,1,1,0,1,1,1,1,8
15432,1,0,0,0,1,0,1,1,0,1,5
1237,1,0,0,1,1,1,1,1,0,1,7
13587,1,0,0,1,1,1,1,1,1,1,8
4634,1,0,1,1,0,0,1,1,0,0,5
23058,0,1,0,1,0,1,0,1,1,0,5
10179,0,0,1,1,0,0,0,1,0,1,4
13600,1,1,1,1,0,0,1,0,0,1,6
18940,1,0,1,1,0,0,0,1,0,1,5
6990,1,0,1,0,0,0,1,1,0,0,4
6263,1,0,1,0,0,1,1,1,1,1,7
1881,1,1,1,0,0,0,1,0,1,0,5
15369,1,1,0,0,1,0,1,1,1,0,6
17971,1,1,0,1,0,0,1,1,1,1,7
16363,0,0,0,1,0,1,1,1,0,1,5
331,0,1,0,1,0,0,0,1,1,1,5
722,0,1,0,1,1,0,1,1,0,1,6
5557,1,1,0,1,0,1,0,0,1,0,5
14711,1,0,1,1,1,1,0,1,1,1,8
20869,0,1,0,0,1,0,1,0,1,1,5
20275,1,0,1,0,0,1,1,0,0,0,4
22960,1,0,0,1,0,0,0,1,1,0,4
6624,0,1,0,1,1,1,1,1,0,1,7
14607,1,0,1,1,0,1,1,0,0,1,6
13861,1,1,1,1,1,1,1,1,1,1,10
9394,1,1,0,1,0,1,1,1,1,1,8
2135,0,1,0,0,0,1,1,1,1,0,5
17398,1,0,1,1,1,0,1,1,1,1,8
11677,1,0,1,0,0,1,0,1,1,1,6
1335,0,1,1,0,1,0,1,1,0,0,5
18732,0,0,0,0,0,0,1,1,1,1,4
22608,0,1,0,1,1,0,0,1,1,1,6
22240,1,0,0,1,0,0,0,1,1,1,5
17273,0,1,0,1,1,1,1,0,0,0,5
15782,0,0,0,1,0,1,1,1,0,1,5
370,1,0,1,1,0,1,0,1,1,1,7
14803,1,0,0,0,1,0,0,1,1,1,5
13215,1,1,0,1,1,0,1,1,1,1,8
12995,1,0,0,1,0,1,1,1,0,1,6
11160,1,1,1,0,1,0,0,0,0,1,5
19670,0,1,0,1,0,0,1,1,0,0,4
11612,1,1,1,1,0,0,0,0,0,1,5
2313,0,0,0,0,0,1,0,1,1,1,4
12619,0,0,0,0,1,0,1,1,1,1,5
21535,0,1,1,1,0,0,0,0,0,1,4
17356,1,1,1,1,0,1,1,0,1,0,7
3328,1,0,1,1,0,1,0,1,1,1,7
16572,0,1,0,0,0,1,0,1,1,1,5
11505,1,1,0,1,0,1,1,1,1,1,8
5757,1,0,1,1,0,0,0,0,0,1,4
21928,1,1,0,0,0,1,1,0,0,0,4
13948,1,0,0,1,0,0,0,1,0,1,4
5035,1,1,0,0,1,1,1,1,1,1,8
16794,0,1,0,1,0,0,1,1,1,1,6
6248,1,0,0,1,1,0,1,1,1,1,7
12681,0,1,1,0,0,0,1,1,1,1,6
11054,1,0,1,0,0,0,1,1,1,0,5
9939,1,0,0,0,1,0,1,1,1,1,6
4402,1,0,1,1,0,0,0,0,0,1,4
16553,1,0,0,0,0,0,1,1,1,0,4
10062,1,1,0,1,0,0,0,1,0,1,5
2108,0,0,0,1,0,1,1,0,0,1,4
9438,1,1,1,1,1,0,1,1,1,1,9
19795,1,1,1,1,0,1,0,0,0,1,6
9364,1,1,0,1,0,1,0,0,0,1,5
15321,1,0,0,1,1,0,1,1,1,0,6
21877,0,1,1,1,0,1,0,0,1,1,6
11567,0,1,1,0,0,1,0,1,0,1,5
9286,0,1,0,0,0,0,1,1,0,1,4
8975,1,0,0,1,0,0,1,1,1,1,6
12717,1,1,1,1,1,1,1,1,0,1,9
2972,0,0,0,0,1,0,1,1,0,1,4
10861,1,1,0,1,0,1,0,1,0,1,6
23087,1,1,0,1,0,0,0,0,0,1,4
3302,0,0,0,1,1,0,1,1,0,1,5
20276,0,1,0,0,1,1,1,1,1,1,7
19177,1,0,0,0,1,1,0,0,1,0,4
16134,0,1,1,1,1,1,1,0,0,1,7
14813,1,0,0,0,0,1,1,0,0,1,4
19495,0,0,1,0,0,0,1,1,0,1,4
6128,0,0,1,0,1,1,0,0,0,1,4
10524,1,1,1,0,1,0,1,1,1,1,8
9741,1,1,0,1,0,1,0,1,1,1,7
9802,1,1,1,1,1,1,1,1,1,1,10
22285,0,0,1,0,0,0,1,1,1,0,4
9595,0,1,1,1,0,0,1,1,0,0,5
16044,0,0,0,0,0,1,1,1,1,1,5
20803,1,0,0,0,0,0,1,1,0,1,4
10864,0,0,0,1,1,0,0,1,1,0,4
7055,1,0,1,1,0,0,0,1,0,1,5
2213,0,0,0,0,1,1,1,1,0,1,5
11096,1,0,1,1,1,0,0,1,0,1,6
11608,0,0,0,0,0,0,1,1,1,1,4
6693,0,1,0,0,1,0,1,1,1,0,5
3590,0,0,0,1,0,0,1,1,1,1,5
8870,1,1,1,0,0,0,1,1,1,0,6
11988,0,1,1,1,0,0,0,0,1,1,5
4284,1,1,0,1,0,1,0,1,1,1,7
12665,1,0,1,1,0,1,1,1,0,1,7
15195,1,0,1,1,0,1,0,1,0,1,6
16115,1,0,1,1,0,0,1,1,0,0,5
1576,1,1,0,1,0,1,0,1,0,1,6
19978,0,1,0,1,0,1,1,0,0,1,5
9430,1,1,1,1,0,0,0,0,0,1,5
12031,0,1,1,0,1,0,1,1,1,0,6
21208,1,0,1,1,0,0,1,1,0,1,6
12293,0,1,0,0,1,0,1,1,1,0,5
9564,1,0,0,1,0,1,0,1,1,1,6
1913,0,1,0,0,1,1,1,1,1,1,7
11,1,1,0,0,0,0,1,1,1,0,5
12965,0,0,1,1,0,0,1,0,0,1,4
14840,0,1,0,1,1,0,1,0,0,1,5
7095,0,0,0,0,1,1,1,1,1,0,5
6967,1,1,1,0,1,1,1,1,1,1,9
16216,0,1,0,0,1,0,1,1,0,0,4
12310,1,0,1,0,1,1,1,1,0,1,7
7018,1,0,1,1,0,1,1,1,1,1,8
13536,1,1,0,1,0,1,1,1,1,0,7
13324,1,1,1,0,0,1,0,0,0,1,5
8684,1,0,1,1,0,0,1,1,0,1,6
3948,1,1,1,1,0,1,1,0,1,1,8
12350,1,1,1,1,0,0,0,1,1,1,7
23180,1,0,0,1,0,1,0,1,1,1,6
10919,0,1,0,1,0,1,0,0,0,1,4
3137,0,1,0,1,1,1,1,0,1,1,7
12919,1,1,1,1,1,1,1,1,1,1,10
4404,1,0,1,0,0,0,0,1,0,1,4
12157,1,1,1,1,0,1,1,0,1,0,7
16930,0,1,0,1,0,1,0,1,1,1,6
904,1,1,0,1,0,0,0,0,0,1,4
6047,1,1,1,1,1,1,1,1,1,1,10
9411,0,0,0,0,0,0,1,1,1,1,4
11574,0,1,1,0,1,0,1,1,0,0,5
19573,1,0,0,0,0,0,1,0,1,1,4
10054,1,1,0,0,0,1,0,0,0,1,4
11262,1,1,0,1,0,0,1,1,0,1,6
16444,1,0,1,1,0,0,0,1,1,1,6
18434,1,1,0,1,0,0,1,1,1,1,7
4125,1,1,0,1,0,0,1,1,1,1,7
22989,0,1,0,0,1,0,0,1,0,1,4
8361,0,0,0,1,1,0,1,0,0,1,4
5113,0,0,0,0,0,1,1,1,1,1,5
18341,0,1,1,0,0,1,1,1,1,1,7
10819,1,1,0,1,0,0,1,1,1,1,7
1277,1,1,0,1,1,1,1,1,0,1,8
14707,1,1,1,1,1,1,1,1,1,1,10
14744,0,0,0,1,0,1,0,1,1,1,5
19198,1,0,1,1,0,0,0,1,1,0,5
11036,1,1,0,1,0,0,1,1,1,1,7
15961,0,1,0,0,0,0,1,1,1,1,5
20619,0,1,1,0,1,0,0,1,0,1,5
20243,1,1,1,0,1,1,1,1,1,1,9
6347,0,1,0,1,0,1,0,1,0,1,5
4187,1,1,0,1,1,0,0,1,0,1,6
13303,1,0,1,1,0,0,0,1,0,1,5
17536,1,0,1,1,1,0,1,1,1,1,8
8115,0,1,0,0,1,1,0,0,0,1,4
9748,1,1,0,1,0,0,0,0,0,1,4
7584,1,1,0,0,0,1,0,1,0,1,5
20907,0,0,0,1,0,0,1,1,1,1,5
6393,1,0,0,1,0,0,1,0,0,1,4
2420,1,0,1,1,0,1,0,1,1,1,7
11996,1,1,1,1,0,0,1,1,1,1,8
14428,1,0,0,0,0,1,1,1,0,1,5
9056,0,0,0,0,1,0,1,1,0,1,4
21328,1,0,0,1,0,1,1,1,1,1,7
13020,0,0,1,0,0,1,1,0,1,1,5
7007,0,1,0,1,0,1,0,0,0,1,4
5670,1,0,0,1,0,1,0,0,1,1,5
23039,1,0,0,1,0,0,0,1,0,1,4
14589,0,1,1,0,1,0,0,0,0,1,4
4311,1,1,1,1,1,0,1,1,1,1,9
2620,1,1,1,1,1,1,1,1,1,1,10
4113,1,0,1,1,1,0,0,1,1,1,7
6054,1,0,1,1,0,1,0,1,0,1,6
14184,0,1,0,1,0,1,0,0,0,1,4
6068,1,0,1,0,1,1,1,1,0,1,7
17635,0,1,0,0,0,1,1,1,0,1,5
21658,1,1,1,1,1,1,1,1,0,1,9
18718,1,1,0,1,0,1,0,0,0,1,5
8967,0,1,0,1,0,1,0,0,0,1,4
5495,1,0,1,1,1,1,1,1,1,1,9
1970,1,0,0,1,1,0,1,0,0,1,5
13026,0,0,0,1,0,1,0,1,0,1,4
21994,1,1,1,0,1,0,1,1,1,1,8
99,1,1,1,1,1,0,0,0,1,1,7
9559,1,1,0,0,0,0,0,1,0,1,4
15078,1,0,0,1,0,1,0,0,0,1,4
8545,1,0,1,1,0,1,1,1,1,1,8
2474,1,1,1,1,0,0,0,1,0,1,6
131,1,1,0,1,0,0,1,1,1,0,6
23351,0,1,0,1,0,0,1,1,0,0,4
8194,0,1,0,0,0,1,1,1,0,1,5
1389,0,1,1,1,0,0,1,0,1,1,6
13568,1,0,1,1,1,0,1,1,1,1,8
1108,0,0,0,1,0,1,0,1,0,1,4
20962,0,1,0,1,0,0,1,1,1,1,6
10416,1,1,0,1,0,0,0,0,1,1,5
2948,1,0,0,0,0,0,1,1,0,1,4
19015,0,0,0,1,0,0,0,1,1,1,4
19672,1,1,1,1,0,1,0,0,0,1,6
2452,1,0,1,0,0,1,0,1,0,1,5
16254,1,0,1,1,0,0,1,0,0,1,5
11967,0,1,1,1,0,1,1,0,1,1,7
51,1,0,0,1,0,0,0,1,1,1,5
7409,0,0,1,0,0,1,1,0,1,1,5
15477,1,0,0,1,0,0,0,1,1,1,5
8409,1,0,1,0,0,1,1,1,1,1,7
13786,1,1,0,0,0,1,0,0,1,0,4
13755,1,1,0,1,1,0,0,1,0,1,6
21924,0,1,0,0,0,1,1,1,1,1,6
3608,0,1,1,1,1,1,0,1,0,1,7
12099,1,0,0,1,0,1,1,1,0,0,5
19279,0,1,0,1,0,1,1,0,1,1,6
2584,0,1,0,1,0,1,0,1,0,0,4
22735,0,0,0,0,0,1,0,1,1,1,4
20817,1,0,1,1,0,0,1,0,0,1,5
11915,0,0,0,1,1,0,1,1,0,0,4
13410,1,1,0,1,0,0,1,1,1,1,7
3110,1,1,1,1,0,1,1,1,0,1,8
9448,1,1,1,1,1,0,1,1,0,1,8
13544,1,0,0,1,1,1,0,1,0,1,6
16210,0,1,0,1,1,0,0,1,1,0,5
11517,1,1,0,1,1,1,1,1,1,1,9
21770,1,1,1,1,0,0,0,1,1,1,7
14082,0,0,0,1,0,0,1,1,0,1,4
1447,1,0,1,1,0,1,1,1,0,0,6
14112,1,1,1,1,0,1,0,0,0,1,6
5276,1,1,0,1,1,1,0,1,0,1,7
14406,1,1,0,1,1,1,1,1,1,1,9
5323,1,1,0,1,0,0,0,1,1,0,5
22315,0,1,1,1,1,0,1,1,0,1,7
23186,1,0,1,0,1,0,0,1,0,0,4
14250,0,0,0,1,1,1,0,1,0,1,5
18985,1,0,0,1,0,0,0,1,1,1,5
12688,0,1,0,1,1,1,1,0,1,1,7
807,0,1,0,1,0,1,0,1,1,1,6
7164,1,0,0,1,0,0,1,0,0,1,4
16305,1,1,0,1,0,1,1,1,0,1,7
8839,1,1,1,1,1,0,1,1,1,1,9
17535,0,1,1,1,0,0,0,0,0,1,4
13067,1,1,0,1,0,1,0,1,0,1,6
18381,1,1,0,1,0,1,0,0,0,1,5
14239,1,0,1,0,1,0,1,1,1,1,7
14364,1,0,1,1,0,0,0,0,1,1,5
11285,0,1,0,1,0,1,0,1,1,1,6
14729,0,1,1,1,1,1,1,0,0,0,6
9196,0,1,1,1,1,0,1,1,0,1,7
14095,1,1,1,1,0,1,1,1,0,1,8
9206,1,0,1,1,0,0,0,0,1,0,4
1802,0,0,1,1,0,1,1,1,0,1,6
16620,1,0,1,1,0,0,0,1,0,1,5
3681,0,1,0,1,1,1,1,1,1,1,8
12591,0,0,0,0,0,1,0,1,1,1,4
17374,1,0,0,1,0,0,0,1,0,1,4
191,0,1,1,1,0,1,0,0,0,0,4
15741,1,1,1,1,1,0,1,1,1,1,9
6808,1,1,1,1,0,0,0,1,1,1,7
17279,1,1,1,1,0,1,1,1,1,1,9
15526,0,1,0,0,1,1,1,1,1,0,6
9429,1,1,0,1,0,1,0,1,1,1,7
7411,1,0,1,1,0,1,0,1,1,1,7
2127,1,0,0,1,1,0,1,0,1,1,6
14862,1,0,0,0,1,0,0,1,1,0,4
5652,1,1,1,0,0,0,1,0,0,0,4
4511,0,1,1,1,1,0,1,0,0,1,6
18839,1,1,0,1,1,0,1,1,1,1,8
4411,0,0,0,0,1,1,1,1,1,1,6
8007,1,0,0,0,1,0,1,1,1,1,6
11729,0,1,0,1,0,1,0,1,0,1,5
13056,1,0,0,1,0,1,0,1,0,1,5
6113,1,0,0,0,0,1,0,1,1,1,5
3186,1,1,1,0,1,1,1,1,1,1,9
17986,0,0,0,1,0,1,0,0,1,1,4
8027,1,1,1,1,0,1,0,1,1,1,8
14301,1,1,0,1,0,0,0,1,1,0,5
15022,1,0,0,1,0,1,0,0,0,1,4
21783,1,1,0,0,1,0,1,0,0,0,4
4190,0,1,0,1,0,1,1,0,0,1,5
21313,0,1,0,0,0,1,1,1,1,1,6
10999,1,1,1,1,1,0,0,1,1,1,8
13098,1,0,1,1,0,0,0,0,1,1,5
21804,1,1,1,1,0,1,1,1,1,1,9
8358,1,1,1,1,0,1,0,0,0,1,6
20533,1,1,0,0,0,1,1,1,0,1,6
7567,1,1,1,1,0,1,0,1,1,1,8
1508,1,0,0,1,0,0,0,1,0,1,4
21540,0,0,1,1,0,1,0,1,1,1,6
20294,0,0,0,1,0,1,1,1,1,1,6
18217,1,1,0,1,0,1,1,1,1,1,8
15982,0,0,0,1,1,0,0,1,1,0,4
1769,0,1,1,1,0,0,1,0,1,1,6
21307,1,1,1,1,1,1,1,1,0,0,8
5195,1,0,0,1,0,1,1,1,1,1,7
22272,0,1,0,0,1,1,0,0,1,0,4
16637,0,0,0,1,0,1,0,1,0,1,4
2337,1,0,1,0,1,0,1,1,1,1,7
18404,1,1,0,1,0,1,0,1,0,1,6
13349,1,0,1,1,0,0,1,0,1,1,6
13623,1,0,1,1,0,1,0,1,0,1,6
8660,1,0,0,0,0,0,1,1,1,0,4
5560,0,1,0,1,0,1,1,1,0,1,6
21222,1,0,1,0,0,0,1,0,0,1,4
937,1,0,0,1,1,1,0,1,0,1,6
7126,1,1,1,1,1,0,1,1,0,1,8
5173,0,1,0,0,0,0,1,1,0,1,4
1731,1,1,1,1,0,0,0,0,0,1,5
6286,0,0,0,1,0,1,1,1,1,1,6
10227,0,1,1,0,1,1,0,1,0,1,6
6100,1,1,1,1,0,1,1,1,1,1,9
11449,1,1,0,1,0,1,0,1,1,1,7
21539,1,1,0,1,0,0,0,0,0,1,4
8837,1,0,1,1,1,0,0,1,0,1,6
14541,1,1,1,0,0,0,1,1,1,0,6
10472,1,1,1,1,1,1,0,0,0,1,7
7199,1,0,1,1,0,0,1,0,1,1,6
18821,1,1,1,1,0,0,0,0,0,1,5
15570,0,0,1,1,0,0,1,1,0,1,5
10785,0,1,0,0,1,0,0,1,1,1,5
2849,1,1,1,1,1,1,0,0,0,1,7
19093,1,1,0,0,1,0,1,1,1,1,7
22090,0,0,0,1,0,0,1,0,1,1,4
4519,0,1,0,0,0,1,1,1,0,1,5
8897,0,0,1,0,0,0,1,1,0,1,4
5112,1,0,1,1,0,1,1,1,1,1,8
541,0,1,0,0,0,0,1,1,1,1,5
9845,0,1,0,0,1,0,0,1,0,1,4
10922,1,1,1,1,1,0,0,1,1,1,8
1879,0,0,1,1,0,0,1,1,0,0,4
18660,1,1,0,0,0,0,0,1,0,1,4
16855,1,1,0,1,0,0,0,1,0,1,5
23438,0,0,0,0,0,1,1,1,0,1,4
6049,1,0,1,1,1,1,0,1,1,1,8
19946,1,1,1,1,0,0,0,0,0,1,5
18203,0,1,0,1,0,1,1,1,0,0,5
1189,0,0,0,1,1,0,1,0,1,0,4
5872,0,1,0,0,1,1,1,1,1,1,7
16483,0,1,0,0,0,1,1,0,0,1,4
12697,1,1,1,1,1,0,0,0,0,1,6
6277,0,1,1,1,0,0,1,1,0,1,6
16349,0,1,0,1,1,1,1,0,0,0,5
6727,1,1,1,0,1,1,1,1,1,1,9
2353,1,0,0,1,1,0,0,0,0,1,4
15619,1,0,0,0,0,1,0,0,1,1,4
16878,0,1,0,1,0,1,0,0,0,1,4
8919,0,1,0,1,0,1,1,0,0,1,5
14908,1,1,1,1,1,0,1,1,1,1,9
9670,1,1,1,1,1,1,1,1,1,1,10
4600,1,1,1,1,1,1,1,0,1,1,9
19114,1,0,0,0,0,0,1,1,1,0,4
17778,1,0,1,1,0,0,0,1,1,1,6
10171,1,1,0,1,0,1,1,0,0,1,6
21105,1,0,0,0,1,1,0,1,1,1,6
11664,1,0,1,1,1,0,1,1,1,1,8
12602,1,1,1,1,0,1,1,0,0,1,7
22808,1,0,1,1,1,0,1,1,1,1,8
3455,0,1,0,1,1,0,1,0,0,0,4
6217,1,1,1,1,1,1,1,0,1,1,9
7410,1,0,0,1,0,1,1,1,0,1,6
20176,0,0,0,0,1,1,1,1,0,1,5
9555,0,0,0,0,1,1,1,1,1,1,6
17349,0,0,1,0,1,0,1,1,1,1,6
21971,1,0,1,1,1,0,0,0,1,1,6
12263,0,1,0,1,0,0,1,1,1,1,6
8173,0,1,0,0,1,1,1,1,1,1,7
15435,1,1,0,1,0,1,0,1,1,0,6
15742,1,1,0,0,0,1,1,0,1,0,5
14783,0,1,0,1,1,0,1,0,1,0,5
17179,1,1,1,1,1,1,1,1,1,1,10
15474,1,1,0,1,0,1,1,1,0,1,7
3203,1,0,1,1,0,0,1,1,1,0,6
13914,0,1,0,1,0,1,1,1,0,1,6
5316,1,1,1,0,0,1,0,0,1,1,6
6473,0,1,0,1,0,0,1,0,0,1,4
9531,0,1,0,1,1,0,0,0,0,1,4
21305,0,0,0,0,0,1,1,1,0,1,4
16678,0,1,1,1,0,0,1,0,0,1,5
4939,0,1,1,1,0,0,1,1,0,0,5
637,0,0,0,0,1,1,0,1,0,1,4
13830,0,1,0,0,0,0,1,1,1,1,5
22717,0,0,1,0,0,1,0,1,1,1,5
4431,1,0,0,1,0,0,1,0,1,1,5
20939,0,0,0,1,1,0,1,1,0,0,4
1949,1,1,0,1,0,0,0,1,0,1,5
22743,1,0,1,1,0,1,0,1,1,1,7
22647,1,1,1,1,1,1,1,1,1,1,10
4720,0,1,0,0,1,0,1,0,0,1,4
20490,0,1,0,1,0,0,1,1,1,1,6
8316,1,1,1,1,0,0,1,0,0,1,6
23331,1,0,0,0,0,0,1,1,1,0,4
17583,1,1,0,1,0,0,1,1,1,0,6
18624,0,1,0,0,0,0,1,1,1,0,4
12127,1,0,1,1,1,0,1,0,1,1,7
22186,0,0,0,1,1,1,0,0,1,1,5
6709,1,1,1,1,1,1,1,1,1,1,10
23359,1,0,1,1,1,0,1,1,1,1,8
12856,1,1,0,1,1,0,1,0,0,0,5
3433,0,1,0,1,0,1,1,0,0,1,5
7672,1,0,0,0,0,1,1,1,0,1,5
19051,0,1,0,0,0,1,1,0,0,1,4
16533,1,1,1,1,0,0,0,1,0,1,6
16718,1,0,1,1,0,1,0,1,0,1,6
1343,1,1,0,1,0,0,0,0,1,1,5
1222,0,1,0,0,0,1,0,1,0,1,4
17404,0,1,0,0,1,1,0,1,1,1,6
1605,1,1,1,0,1,0,1,1,0,1,7
17989,0,1,1,1,1,0,0,0,1,1,6
17038,0,0,1,1,1,0,0,1,0,1,5
21615,1,1,1,1,1,0,1,0,0,1,7
6413,1,0,0,1,1,0,0,1,0,1,5
9988,1,1,1,0,1,0,0,0,1,1,6
22873,0,0,1,0,0,1,1,0,0,1,4
20129,1,1,0,1,0,0,1,0,1,1,6
7211,1,0,0,1,0,1,1,0,0,1,5
23175,0,0,0,1,1,0,1,1,0,1,5
23172,0,1,0,0,1,0,1,1,0,1,5
7194,0,0,1,0,0,1,0,1,0,1,4
20795,1,1,1,0,1,0,0,0,0,1,5
8792,1,1,0,1,0,1,1,1,0,1,7
12011,0,1,1,1,0,1,1,0,0,0,5
12906,1,1,0,0,0,0,1,1,1,0,5
13162,1,1,1,0,1,0,0,1,1,1,7
7525,1,0,0,1,0,1,0,1,0,1,5
22109,0,0,0,0,1,0,1,1,1,1,5
8161,1,1,1,1,0,0,1,1,1,1,8
8026,1,0,1,1,1,0,1,1,1,1,8
17256,0,1,1,1,0,0,0,0,0,1,4
13247,1,1,0,1,1,1,1,0,1,0,7
22831,1,1,0,1,1,0,0,1,1,1,7
21619,1,1,1,1,1,1,1,1,1,1,10
4362,1,0,1,1,0,0,1,0,1,1,6
4131,1,1,0,1,0,0,0,1,1,1,6
23229,0,1,1,1,1,0,1,0,0,1,6
9462,1,1,0,1,1,0,1,1,1,1,8
13580,1,0,1,1,0,0,0,1,1,0,5
21749,1,1,0,0,1,0,1,1,1,1,7
119,0,1,0,0,0,1,0,0,1,1,4
3454,1,0,1,1,1,1,1,0,1,1,8
21453,1,0,0,1,0,1,0,1,0,1,5
1933,0,1,0,1,1,1,0,1,1,1,7
14706,0,1,0,1,0,1,0,1,1,1,6
1162,0,1,1,1,1,1,1,1,0,1,8
5165,1,1,0,1,0,1,1,1,1,1,8
16866,1,1,0,0,1,0,1,0,0,0,4
2791,1,1,1,1,0,1,0,1,0,1,7
12830,1,1,1,0,0,1,1,1,0,1,7
5650,1,0,0,1,0,0,1,1,0,1,5
10644,0,0,0,0,0,1,0,1,1,1,4
20813,1,1,1,1,0,1,1,0,1,1,8
17280,0,0,0,1,0,1,0,1,0,1,4
10720,1,0,1,1,0,0,0,0,0,1,4
6762,1,1,1,1,1,1,1,0,1,1,9
3690,0,1,0,1,0,1,1,1,1,0,6
20152,0,0,1,1,1,0,1,1,1,1,7
15064,1,0,0,1,0,0,1,1,0,1,5
251,0,1,0,0,0,1,0,1,0,1,4
7679,1,0,0,0,0,1,1,1,0,1,5
16766,1,1,0,0,0,0,1,1,0,1,5
11107,1,0,0,1,0,1,1,1,1,1,7
15263,0,0,0,0,1,0,1,1,1,1,5
14148,0,1,0,0,0,0,1,1,1,1,5
10075,0,0,0,1,0,0,0,1,1,1,4
12996,1,1,0,1,1,0,0,0,1,1,6
2306,0,1,0,1,0,0,0,1,1,1,5
12791,0,1,0,0,1,0,1,1,0,0,4
13414,1,1,0,1,0,1,0,1,0,1,6
18959,1,1,0,1,1,1,0,1,1,1,8
11592,1,0,0,1,0,1,0,1,0,1,5
8557,0,1,1,0,0,1,0,1,0,1,5
9297,0,1,0,0,0,1,0,1,0,1,4
17624,0,0,0,0,0,0,1,1,1,1,4
6411,0,1,0,1,1,0,1,1,0,1,6
18336,0,1,1,1,0,0,1,0,0,0,4
19619,1,0,0,0,0,1,0,1,1,1,5
1740,1,0,0,1,0,0,1,1,1,1,6
4343,1,0,0,1,1,1,1,1,1,1,8
17639,0,0,0,1,0,1,0,1,1,1,5
1775,1,0,1,1,0,0,0,1,1,1,6
18204,1,1,0,1,1,1,1,1,1,1,9
21526,1,0,1,0,0,0,1,1,1,1,6
1491,1,1,1,1,1,1,1,1,1,1,10
3024,0,1,1,1,1,1,0,0,1,1,7
6474,0,0,1,1,1,0,1,0,0,1,5
6134,1,0,0,1,1,0,1,1,1,1,7
19887,0,1,0,1,0,0,0,1,0,1,4
20906,0,0,0,0,1,0,1,1,1,1,5
15824,1,1,1,1,0,0,1,0,1,1,7
19363,0,1,0,0,1,1,1,1,1,1,7
18059,1,1,0,1,0,1,0,1,0,1,6
15595,0,0,1,1,0,1,0,0,1,0,4
9568,1,0,0,1,0,0,1,1,0,1,5
16176,1,0,1,0,0,0,1,1,0,0,4
895,0,0,0,1,0,0,1,1,1,1,5
11660,0,1,0,0,0,1,1,1,1,1,6
15091,0,0,1,0,1,1,1,1,0,1,6
8256,1,0,0,1,0,1,0,1,1,0,5
18155,1,1,0,1,0,1,1,1,0,0,6
12659,0,1,0,1,1,1,1,0,0,1,6
10507,0,0,0,1,0,1,0,1,1,0,4
4165,1,0,0,1,0,1,1,1,1,1,7
12825,1,1,0,1,1,1,1,1,1,1,9
10089,1,1,1,1,0,1,1,0,0,1,7
20352,0,1,1,1,0,1,0,0,1,1,6
225,0,0,0,0,1,0,1,1,1,1,5
3835,1,0,1,1,0,1,0,0,0,1,5
765,1,1,0,0,0,1,0,1,1,1,6
5292,1,0,0,1,1,0,0,1,1,0,5
19242,1,1,0,1,0,1,1,1,0,0,6
14970,1,0,1,0,1,0,0,1,1,0,5
7070,1,1,1,1,0,1,1,1,1,1,9
12663,0,1,0,0,1,1,0,1,1,1,6
1826,1,1,0,1,1,1,0,0,1,1,7
20911,1,0,1,0,1,0,1,1,1,1,7
13773,1,0,0,1,1,0,0,1,0,1,5
13275,1,0,1,1,0,0,0,0,0,1,4
1303,1,0,1,0,0,0,0,1,1,1,5
7936,1,1,0,1,0,1,0,0,0,1,5
10558,0,1,0,1,0,1,0,1,1,1,6
19164,1,1,1,1,0,0,0,1,1,1,7
2937,1,1,0,1,1,0,1,1,1,0,7
2750,0,1,0,0,1,0,1,0,0,1,4
18165,0,0,0,1,0,1,1,1,1,1,6
12409,1,1,1,1,0,0,0,0,0,1,5
10190,1,0,0,1,0,1,0,1,0,1,5
12359,1,1,0,0,0,1,0,1,1,0,5
13843,1,0,1,0,1,0,1,1,1,0,6
19168,1,0,1,1,0,1,0,0,0,1,5
11902,1,0,1,1,1,1,0,1,0,1,7
20880,1,1,1,1,0,0,1,1,1,1,8
15868,1,1,1,1,1,0,1,0,0,1,7
175,0,1,0,1,1,0,1,1,1,1,7
19682,1,1,0,0,0,0,0,0,1,1,4
7713,0,0,0,0,1,0,1,1,1,1,5
15642,0,1,0,1,0,0,1,1,1,1,6
15169,1,0,0,1,0,0,1,1,0,1,5
3727,0,1,0,1,0,0,0,1,1,0,4
16083,1,1,1,1,0,0,1,1,1,1,8
22310,1,0,1,1,1,0,0,1,1,1,7
14092,1,0,0,0,1,1,0,1,0,1,5
5308,0,0,0,0,1,1,1,0,1,1,5
12698,1,0,1,1,1,1,1,1,0,1,8
4076,1,1,0,0,0,0,1,1,0,1,5
11661,1,1,1,1,0,1,1,1,1,1,9
1085,0,1,0,1,0,1,0,0,0,1,4
1465,0,1,1,1,1,0,1,0,1,0,6
6870,1,1,0,0,0,1,0,0,0,1,4
11857,0,1,0,1,0,0,1,0,1,1,5
16191,1,1,0,1,0,1,0,1,1,1,7
14776,1,1,1,0,0,1,0,0,1,1,6
15578,0,1,0,1,0,1,1,0,0,1,5
5345,1,1,1,0,1,1,0,1,1,1,8
17189,1,0,1,1,0,1,0,1,0,1,6
20832,0,1,0,0,0,1,0,1,1,1,5
4926,1,0,1,0,1,0,1,0,1,1,6
15303,0,0,1,0,0,0,1,1,1,1,5
18989,0,0,1,0,1,0,1,1,1,0,5
9219,1,1,1,1,0,0,0,1,1,1,7
13558,1,1,0,0,0,1,0,1,0,0,4
15377,1,1,1,1,0,0,1,1,0,1,7
15818,1,1,1,1,1,1,1,1,1,1,10
10279,0,1,1,0,0,0,0,1,1,0,4
3840,1,0,1,1,0,0,1,1,0,1,6
19965,0,0,1,1,0,0,1,1,0,0,4
4221,0,1,0,1,1,1,1,0,0,1,6
21320,1,1,1,1,0,0,0,1,1,1,7
22874,0,0,1,0,1,0,0,1,0,1,4
21043,1,0,0,1,1,0,1,1,0,1,6
5474,1,0,0,1,1,0,0,1,0,1,5
19633,1,0,0,1,0,1,0,0,0,1,4
3040,1,1,1,1,0,0,1,1,0,1,7
3598,1,0,0,1,0,0,0,1,1,1,5
4442,1,0,0,1,0,1,0,0,1,1,5
15882,0,1,0,1,1,0,1,1,1,1,7
10237,1,0,0,1,0,0,1,1,1,1,6
16014,1,0,0,0,0,1,1,1,0,1,5
12180,1,0,1,1,0,1,0,1,1,1,7
7471,1,1,0,1,0,0,0,1,0,0,4
22586,1,0,1,1,0,1,1,1,1,1,8
14652,1,1,1,1,1,1,0,1,0,1,8
15506,1,0,0,0,0,0,0,1,1,1,4
5338,1,1,1,1,1,0,1,0,0,0,6